[{"C:\\Users\\print\\Desktop\\Sublime Text Build 3143 x64\\Data\\Packages\\User\\SideBarEnhancements\\Open With\\Side Bar.sublime-menu": "ASCII"}, {"C:\\APM_Setup\\htdocs\\projectdd\\system\\core\\CodeIgniter.php": "ASCII"}, {"C:\\APM_Setup\\htdocs\\projectdd\\system\\core\\Lang.php": "ASCII"}, {"C:\\APM_Setup\\htdocs\\project\\common\\minifier\\lessc.inc.php": "ASCII"}, {"C:\\Users\\print\\Desktop\\cruise\\mng\\application\\views\\inc\\mng_header.php": "UTF-8"}, {"C:\\APM_Setup\\htdocs\\project\\application\\views\\index.php": "UTF-8"}, {"C:\\APM_Setup\\htdocs\\project\\application\\views\\welcome_message.php": "ASCII"}, {"C:\\APM_Setup\\htdocs\\project\\application\\helpers\\minifier_helper.php": "ASCII"}, {"C:\\APM_Setup\\htdocs\\project\\application\\controllers\\Home.php": "UTF-8"}, {"C:\\APM_Setup\\htdocs\\project\\application\\config\\routes.php": "ASCII"}, {"C:\\APM_Setup\\htdocs\\projectdd\\application\\config\\config.php": "ASCII"}, {"C:\\APM_Setup\\htdocs\\project\\application\\config\\constants.php": "ASCII"}, {"C:\\APM_Setup\\htdocs\\projectdd\\.htaccess": "ASCII"}, {"C:\\APM_Setup\\htdocs\\projectdd\\application\\helpers\\minifier_helper.php": "ASCII"}, {"C:\\APM_Setup\\htdocs\\project\\application\\config\\config.php": "ASCII"}, {"C:\\APM_Setup\\htdocs\\projectdd\\application\\config\\autoload.php": "ASCII"}, {"C:\\APM_Setup\\htdocs\\project\\application\\config\\autoload.php": "ASCII"}, {"C:\\APM_Setup\\htdocs\\project\\index.php": "ASCII"}, {"C:\\Users\\print\\Downloads\\CodeIgniter-3.0.5\\CodeIgniter-3.0.5\\application\\config\\database.php": "ASCII"}, {"C:\\APM_Setup\\htdocs\\project\\application\\config\\database.php": "ASCII"}, {"C:\\Users\\print\\Downloads\\CodeIgniter-3.0.5\\CodeIgniter-3.0.5\\application\\config\\config.php": "ASCII"}, {"C:\\APM_Setup\\htdocs\\project\\application\\libraries\\Libraries_config.php": "ASCII"}, {"C:\\APM_Setup\\htdocs\\project\\.htaccess": "ASCII"}, {"C:\\Users\\print\\Desktop\\cruise\\mng\\index.php": "ASCII"}, {"C:\\Users\\print\\Desktop\\cruise\\.gitignore": "ASCII"}, {"C:\\Users\\print\\Desktop\\cruise\\svc\\assets\\less\\style.less": "UTF-8"}, {"C:\\Users\\print\\Desktop\\cruise\\svc\\application\\views\\ports\\ports_overview.php": "UTF-8"}, {"C:\\Users\\print\\Desktop\\cruise\\mng\\application\\views\\cruise\\cruise_sailing.php": "UTF-8"}, {"C:\\Users\\print\\Desktop\\cruise\\mng\\application\\language\\japan\\home_lang.php": "UTF-8"}, {"C:\\Users\\print\\Desktop\\dev\\application\\api\\config\\config.php": "ASCII"}, {"C:\\Users\\print\\Desktop\\dev\\application\\hotelstory_dev\\helpers\\minifier_helper.php": "ASCII"}, {"C:\\Users\\print\\Documents\\\ud558\uc774\uc6cd\uc2a4 \ubc1b\uc740\ud30c\uc77c\\sftp-config.json": "ASCII"}, {"C:\\Users\\print\\Desktop\\cruise\\sftp-config.json": "ASCII"}, {"C:\\Users\\print\\Desktop\\dev\\sftp-config.json": "ASCII"}, {"C:\\Users\\print\\Desktop\\cruise\\mng\\assets\\less\\mngS01.less": "UTF-8"}, {"C:\\Users\\print\\Desktop\\test\\test.html": "ASCII"}, {"C:\\Users\\print\\Desktop\\test.html": "ASCII"}, {"C:\\Users\\print\\Desktop\\test.php": "ASCII"}, {"C:\\Users\\print\\Desktop\\Sublime Text Build 3143 x64\\Data\\Packages\\User\\bh_core.sublime-settings": "ASCII"}, {"C:\\Users\\print\\Desktop\\Sublime Text Build 3143 x64\\Data\\Packages\\User\\Base File.sublime-settings": "ASCII"}, {"C:\\Users\\print\\Desktop\\Sublime Text Build 3143 x64\\Data\\Packages\\User\\Default (Windows).sublime-keymap": "ASCII"}, {"C:\\Users\\print\\Desktop\\Sublime Text Build 3143 x64\\Data\\Packages\\User\\Preferences.sublime-settings": "ASCII"}, {"C:\\Users\\print\\Desktop\\Sublime Text Build 3143 x64\\Data\\Packages\\Autoprefixer\\Autoprefixer.sublime-settings": "ASCII"}]